Workbook

Sheet Inventario
A2: Inventario | D2: Tabla artesanal
A4: Código | B4: Descripción | C4: Precio
A5: 101 | B5: Lápiz | C5: 24
A6: 102 | B6: Pluma | C6: 10
A7: 103 | B7: Goma | C7: 5 | J7: =VLOOKUP(J6,$A$4:$C$12,2,0) -> #N/A | K7: =VLOOKUP(K6,$A$4:$C$12,2,0) -> #N/A | L7: =VLOOKUP(L6,$A$4:$C$12,2,0) -> #N/A | M7: =VLOOKUP(M6,$A$4:$C$12,2,0) -> #N/A | N7: =VLOOKUP(N6,$A$4:$C$12,2,0) -> #N/A | O7: =VLOOKUP(O6,$A$4:$C$12,2,0) -> #N/A | P7: =VLOOKUP(P6,$A$4:$C$12,2,0) -> #N/A | Q7: =VLOOKUP(Q6,$A$4:$C$12,2,0) -> #N/A | R7: =VLOOKUP(R6,$A$4:$C$12,2,0) -> #N/A
A8: 104 | B8: Cartulina | C8: 10
A9: 105 | B9: Cuaderno | C9: 35
A10: 106 | B10: Carpeta | C10: 100
A11: 107 | B11: Estuchera | C11: 50
A12: 108 | B12: Hojas de colores | C12: 100
I17: 108 | J17: =VLOOKUP(I17,$A$4:$C$12,2,0) -> Hojas de colores | M17: Hojas de colores | O17: =VLOOKUP(N17,$A$4:$C$12,2,0) -> #N/A
I18: 108 | J18: =VLOOKUP(I18,$A$4:$C$12,2,0) -> Hojas de colores | M18: Hojas de colores | O18: =VLOOKUP(N18,$A$4:$C$12,2,0) -> #N/A
I19: 107 | J19: =VLOOKUP(I19,$A$4:$C$12,2,0) -> Estuchera | M19: Estuchera | N19: 105 | O19: =VLOOKUP(N19,$A$4:$C$12,2,0) -> Cuaderno
I20: 105 | J20: =VLOOKUP(I20,$A$4:$C$12,2,0) -> Cuaderno | M20: Cuaderno | O20: =VLOOKUP(N20,$A$4:$C$12,2,0) -> #N/A
J21: =VLOOKUP(I21,$A$4:$C$12,2,0) -> #N/A | M21: #N/A | O21: =VLOOKUP(N21,$A$4:$C$12,2,0) -> #N/A
J22: =VLOOKUP(I22,$A$4:$C$12,2,0) -> #N/A | M22: #N/A | O22: =VLOOKUP(N22,$A$4:$C$12,2,0) -> #N/A
J23: =VLOOKUP(I23,$A$4:$C$12,2,0) -> #N/A | M23: #N/A | O23: =VLOOKUP(N23,$A$4:$C$12,2,0) -> #N/A
J24: =VLOOKUP(I24,$A$4:$C$12,2,0) -> #N/A | M24: #N/A | O24: =VLOOKUP(N24,$A$4:$C$12,2,0) -> #N/A
J25: =VLOOKUP(I25,$A$4:$C$12,2,0) -> #N/A | M25: #N/A | O25: =VLOOKUP(N25,$A$4:$C$12,2,0) -> #N/A

Sheet Ticket_Venta_4
K6: HOY()
F7: Ticket de Ventas | L7: Tabla de excel
F8: Código Producto | G8: Nombre del producto | H8: Precio del producto | I8: Cantidad Vendida | J8: Total Venta | K8: Fecha Venta
F9: 108 | G9: =IFERROR(VLOOKUP(Tabla1[[#This Row],[Código Producto]],Inventario!$A$4:$C$12,2,0), "") -> Hojas de colores | H9: =IFERROR(VLOOKUP(Tabla1[[#This Row],[Código Producto]],Inventario!$A$4:$C$12,3,0),"") -> 100 | I9: 20 | J9: =IFERROR(Tabla1[[#This Row],[Cantidad Vendida]]*Tabla1[[#This Row],[Precio del producto]],"") -> 2000 | K9: 45904
F10: 105 | G10: =IFERROR(VLOOKUP(Tabla1[[#This Row],[Código Producto]],Inventario!$A$4:$C$12,2,0), "") -> Cuaderno | H10: =IFERROR(VLOOKUP(Tabla1[[#This Row],[Código Producto]],Inventario!$A$4:$C$12,3,0),"") -> 35 | I10: 5 | J10: =IFERROR(Tabla1[[#This Row],[Cantidad Vendida]]*Tabla1[[#This Row],[Precio del producto]],"") -> 175 | K10: 45904
G11: =IFERROR(VLOOKUP(Tabla1[[#This Row],[Código Producto]],Inventario!$A$4:$C$12,2,0), "") | H11: =IFERROR(VLOOKUP(Tabla1[[#This Row],[Código Producto]],Inventario!$A$4:$C$12,3,0),"") | J11: =IFERROR(Tabla1[[#This Row],[Cantidad Vendida]]*Tabla1[[#This Row],[Precio del producto]],"") | K11: 45904
G12: =IFERROR(VLOOKUP(Tabla1[[#This Row],[Código Producto]],Inventario!$A$4:$C$12,2,0), "") | H12: =IFERROR(VLOOKUP(Tabla1[[#This Row],[Código Producto]],Inventario!$A$4:$C$12,3,0),"") | J12: =IFERROR(Tabla1[[#This Row],[Cantidad Vendida]]*Tabla1[[#This Row],[Precio del producto]],"") | K12: 45904
F13: 107 | G13: =IFERROR(VLOOKUP(Tabla1[[#This Row],[Código Producto]],Inventario!$A$4:$C$12,2,0), "") -> Estuchera | H13: =IFERROR(VLOOKUP(Tabla1[[#This Row],[Código Producto]],Inventario!$A$4:$C$12,3,0),"") -> 50 | I13: 500 | J13: =IFERROR(Tabla1[[#This Row],[Cantidad Vendida]]*Tabla1[[#This Row],[Precio del producto]],"") -> 25000 | K13: 45904
G14: =IFERROR(VLOOKUP(Tabla1[[#This Row],[Código Producto]],Inventario!$A$4:$C$12,2,0), "") | H14: =IFERROR(VLOOKUP(Tabla1[[#This Row],[Código Producto]],Inventario!$A$4:$C$12,3,0),"") | J14: =IFERROR(Tabla1[[#This Row],[Cantidad Vendida]]*Tabla1[[#This Row],[Precio del producto]],"") | K14: 45904
G15: =IFERROR(VLOOKUP(Tabla1[[#This Row],[Código Producto]],Inventario!$A$4:$C$12,2,0), "") | H15: =IFERROR(VLOOKUP(Tabla1[[#This Row],[Código Producto]],Inventario!$A$4:$C$12,3,0),"") | J15: =IFERROR(Tabla1[[#This Row],[Cantidad Vendida]]*Tabla1[[#This Row],[Precio del producto]],"") | K15: 45904
G16: =IFERROR(VLOOKUP(Tabla1[[#This Row],[Código Producto]],Inventario!$A$4:$C$12,2,0), "") | H16: =IFERROR(VLOOKUP(Tabla1[[#This Row],[Código Producto]],Inventario!$A$4:$C$12,3,0),"") | J16: =IFERROR(Tabla1[[#This Row],[Cantidad Vendida]]*Tabla1[[#This Row],[Precio del producto]],"") | K16: 45904
G17: =IFERROR(VLOOKUP(Tabla1[[#This Row],[Código Producto]],Inventario!$A$4:$C$12,2,0), "") | H17: =IFERROR(VLOOKUP(Tabla1[[#This Row],[Código Producto]],Inventario!$A$4:$C$12,3,0),"") | J17: =IFERROR(Tabla1[[#This Row],[Cantidad Vendida]]*Tabla1[[#This Row],[Precio del producto]],"") | K17: 45904
G18: =IFERROR(VLOOKUP(Tabla1[[#This Row],[Código Producto]],Inventario!$A$4:$C$12,2,0), "") | H18: =IFERROR(VLOOKUP(Tabla1[[#This Row],[Código Producto]],Inventario!$A$4:$C$12,3,0),"") | J18: =IFERROR(Tabla1[[#This Row],[Cantidad Vendida]]*Tabla1[[#This Row],[Precio del producto]],"") | K18: 45904
G19: =IFERROR(VLOOKUP(Tabla1[[#This Row],[Código Producto]],Inventario!$A$4:$C$12,2,0), "") | H19: =IFERROR(VLOOKUP(Tabla1[[#This Row],[Código Producto]],Inventario!$A$4:$C$12,3,0),"") | J19: =IFERROR(Tabla1[[#This Row],[Cantidad Vendida]]*Tabla1[[#This Row],[Precio del producto]],"") | K19: 45904
G20: =IFERROR(VLOOKUP(Tabla1[[#This Row],[Código Producto]],Inventario!$A$4:$C$12,2,0), "") | H20: =IFERROR(VLOOKUP(Tabla1[[#This Row],[Código Producto]],Inventario!$A$4:$C$12,3,0),"") | J20: =IFERROR(Tabla1[[#This Row],[Cantidad Vendida]]*Tabla1[[#This Row],[Precio del producto]],"") | K20: 45904
G21: =IFERROR(VLOOKUP(Tabla1[[#This Row],[Código Producto]],Inventario!$A$4:$C$12,2,0), "") | H21: =IFERROR(VLOOKUP(Tabla1[[#This Row],[Código Producto]],Inventario!$A$4:$C$12,3,0),"") | J21: =IFERROR(Tabla1[[#This Row],[Cantidad Vendida]]*Tabla1[[#This Row],[Precio del producto]],"") | K21: 45904

Sheet Ticket_Venta_5
E6: Ticket de Ventas | K6: Tabla de excel
E7: Código Producto | F7: Nombre del producto | G7: Precio del producto | H7: Cantidad Vendida | I7: Total Venta | J7: Fecha Venta
E8: 108 | F8: =IFERROR(VLOOKUP(Tabla13[[#This Row],[Código Producto]],Inventario!$A$4:$C$12,2,0), "") -> Hojas de colores | G8: =IFERROR(VLOOKUP(Tabla13[[#This Row],[Código Producto]],Inventario!$A$4:$C$12,3,0),"") -> 100 | H8: 20 | I8: =IFERROR(Tabla13[[#This Row],[Cantidad Vendida]]*Tabla13[[#This Row],[Precio del producto]],"") -> 2000 | J8: 45905
E9: 105 | F9: =IFERROR(VLOOKUP(Tabla13[[#This Row],[Código Producto]],Inventario!$A$4:$C$12,2,0), "") -> Cuaderno | G9: =IFERROR(VLOOKUP(Tabla13[[#This Row],[Código Producto]],Inventario!$A$4:$C$12,3,0),"") -> 35 | H9: 5 | I9: =IFERROR(Tabla13[[#This Row],[Cantidad Vendida]]*Tabla13[[#This Row],[Precio del producto]],"") -> 175 | J9: 45905
F10: =IFERROR(VLOOKUP(Tabla13[[#This Row],[Código Producto]],Inventario!$A$4:$C$12,2,0), "") | G10: =IFERROR(VLOOKUP(Tabla13[[#This Row],[Código Producto]],Inventario!$A$4:$C$12,3,0),"") | I10: =IFERROR(Tabla13[[#This Row],[Cantidad Vendida]]*Tabla13[[#This Row],[Precio del producto]],"") | J10: 45905
F11: =IFERROR(VLOOKUP(Tabla13[[#This Row],[Código Producto]],Inventario!$A$4:$C$12,2,0), "") | G11: =IFERROR(VLOOKUP(Tabla13[[#This Row],[Código Producto]],Inventario!$A$4:$C$12,3,0),"") | I11: =IFERROR(Tabla13[[#This Row],[Cantidad Vendida]]*Tabla13[[#This Row],[Precio del producto]],"") | J11: 45905
E12: 107 | F12: =IFERROR(VLOOKUP(Tabla13[[#This Row],[Código Producto]],Inventario!$A$4:$C$12,2,0), "") -> Estuchera | G12: =IFERROR(VLOOKUP(Tabla13[[#This Row],[Código Producto]],Inventario!$A$4:$C$12,3,0),"") -> 50 | H12: 500 | I12: =IFERROR(Tabla13[[#This Row],[Cantidad Vendida]]*Tabla13[[#This Row],[Precio del producto]],"") -> 25000 | J12: 45905
F13: =IFERROR(VLOOKUP(Tabla13[[#This Row],[Código Producto]],Inventario!$A$4:$C$12,2,0), "") | G13: =IFERROR(VLOOKUP(Tabla13[[#This Row],[Código Producto]],Inventario!$A$4:$C$12,3,0),"") | I13: =IFERROR(Tabla13[[#This Row],[Cantidad Vendida]]*Tabla13[[#This Row],[Precio del producto]],"") | J13: 45905
F14: =IFERROR(VLOOKUP(Tabla13[[#This Row],[Código Producto]],Inventario!$A$4:$C$12,2,0), "") | G14: =IFERROR(VLOOKUP(Tabla13[[#This Row],[Código Producto]],Inventario!$A$4:$C$12,3,0),"") | I14: =IFERROR(Tabla13[[#This Row],[Cantidad Vendida]]*Tabla13[[#This Row],[Precio del producto]],"") | J14: 45905
F15: =IFERROR(VLOOKUP(Tabla13[[#This Row],[Código Producto]],Inventario!$A$4:$C$12,2,0), "") | G15: =IFERROR(VLOOKUP(Tabla13[[#This Row],[Código Producto]],Inventario!$A$4:$C$12,3,0),"") | I15: =IFERROR(Tabla13[[#This Row],[Cantidad Vendida]]*Tabla13[[#This Row],[Precio del producto]],"") | J15: 45905
F16: =IFERROR(VLOOKUP(Tabla13[[#This Row],[Código Producto]],Inventario!$A$4:$C$12,2,0), "") | G16: =IFERROR(VLOOKUP(Tabla13[[#This Row],[Código Producto]],Inventario!$A$4:$C$12,3,0),"") | I16: =IFERROR(Tabla13[[#This Row],[Cantidad Vendida]]*Tabla13[[#This Row],[Precio del producto]],"") | J16: 45905
F17: =IFERROR(VLOOKUP(Tabla13[[#This Row],[Código Producto]],Inventario!$A$4:$C$12,2,0), "") | G17: =IFERROR(VLOOKUP(Tabla13[[#This Row],[Código Producto]],Inventario!$A$4:$C$12,3,0),"") | I17: =IFERROR(Tabla13[[#This Row],[Cantidad Vendida]]*Tabla13[[#This Row],[Precio del producto]],"") | J17: 45905
F18: =IFERROR(VLOOKUP(Tabla13[[#This Row],[Código Producto]],Inventario!$A$4:$C$12,2,0), "") | G18: =IFERROR(VLOOKUP(Tabla13[[#This Row],[Código Producto]],Inventario!$A$4:$C$12,3,0),"") | I18: =IFERROR(Tabla13[[#This Row],[Cantidad Vendida]]*Tabla13[[#This Row],[Precio del producto]],"") | J18: 45905
F19: =IFERROR(VLOOKUP(Tabla13[[#This Row],[Código Producto]],Inventario!$A$4:$C$12,2,0), "") | G19: =IFERROR(VLOOKUP(Tabla13[[#This Row],[Código Producto]],Inventario!$A$4:$C$12,3,0),"") | I19: =IFERROR(Tabla13[[#This Row],[Cantidad Vendida]]*Tabla13[[#This Row],[Precio del producto]],"") | J19: 45905
F20: =IFERROR(VLOOKUP(Tabla13[[#This Row],[Código Producto]],Inventario!$A$4:$C$12,2,0), "") | G20: =IFERROR(VLOOKUP(Tabla13[[#This Row],[Código Producto]],Inventario!$A$4:$C$12,3,0),"") | I20: =IFERROR(Tabla13[[#This Row],[Cantidad Vendida]]*Tabla13[[#This Row],[Precio del producto]],"") | J20: 45905

Sheet Consolidado
H8: Ticket de Ventas | N8: Tabla de excel
H9: Código Producto | I9: Nombre del producto | J9: Precio del producto | K9: Cantidad Vendida | L9: Total Venta | M9: Fecha Venta
H10: 108 | I10: =IFERROR(VLOOKUP(Tabla14[[#This Row],[Código Producto]],Inventario!$A$4:$C$12,2,0), "") -> Hojas de colores | J10: =IFERROR(VLOOKUP(Tabla14[[#This Row],[Código Producto]],Inventario!$A$4:$C$12,3,0),"") -> 100 | K10: 20 | L10: =IFERROR(Tabla14[[#This Row],[Cantidad Vendida]]*Tabla14[[#This Row],[Precio del producto]],"") -> 2000 | M10: 45904
H11: 105 | I11: =IFERROR(VLOOKUP(Tabla14[[#This Row],[Código Producto]],Inventario!$A$4:$C$12,2,0), "") -> Cuaderno | J11: =IFERROR(VLOOKUP(Tabla14[[#This Row],[Código Producto]],Inventario!$A$4:$C$12,3,0),"") -> 35 | K11: 5 | L11: =IFERROR(Tabla14[[#This Row],[Cantidad Vendida]]*Tabla14[[#This Row],[Precio del producto]],"") -> 175 | M11: 45904
I12: =IFERROR(VLOOKUP(Tabla14[[#This Row],[Código Producto]],Inventario!$A$4:$C$12,2,0), "") | J12: =IFERROR(VLOOKUP(Tabla14[[#This Row],[Código Producto]],Inventario!$A$4:$C$12,3,0),"") | L12: =IFERROR(Tabla14[[#This Row],[Cantidad Vendida]]*Tabla14[[#This Row],[Precio del producto]],"") | M12: 45904
I13: =IFERROR(VLOOKUP(Tabla14[[#This Row],[Código Producto]],Inventario!$A$4:$C$12,2,0), "") | J13: =IFERROR(VLOOKUP(Tabla14[[#This Row],[Código Producto]],Inventario!$A$4:$C$12,3,0),"") | L13: =IFERROR(Tabla14[[#This Row],[Cantidad Vendida]]*Tabla14[[#This Row],[Precio del producto]],"") | M13: 45904
H14: 107 | I14: =IFERROR(VLOOKUP(Tabla14[[#This Row],[Código Producto]],Inventario!$A$4:$C$12,2,0), "") -> Estuchera | J14: =IFERROR(VLOOKUP(Tabla14[[#This Row],[Código Producto]],Inventario!$A$4:$C$12,3,0),"") -> 50 | K14: 500 | L14: =IFERROR(Tabla14[[#This Row],[Cantidad Vendida]]*Tabla14[[#This Row],[Precio del producto]],"") -> 25000 | M14: 45904
I15: =IFERROR(VLOOKUP(Tabla14[[#This Row],[Código Producto]],Inventario!$A$4:$C$12,2,0), "") | J15: =IFERROR(VLOOKUP(Tabla14[[#This Row],[Código Producto]],Inventario!$A$4:$C$12,3,0),"") | L15: =IFERROR(Tabla14[[#This Row],[Cantidad Vendida]]*Tabla14[[#This Row],[Precio del producto]],"") | M15: 45904
I16: =IFERROR(VLOOKUP(Tabla14[[#This Row],[Código Producto]],Inventario!$A$4:$C$12,2,0), "") | J16: =IFERROR(VLOOKUP(Tabla14[[#This Row],[Código Producto]],Inventario!$A$4:$C$12,3,0),"") | L16: =IFERROR(Tabla14[[#This Row],[Cantidad Vendida]]*Tabla14[[#This Row],[Precio del producto]],"") | M16: 45904
I17: =IFERROR(VLOOKUP(Tabla14[[#This Row],[Código Producto]],Inventario!$A$4:$C$12,2,0), "") | J17: =IFERROR(VLOOKUP(Tabla14[[#This Row],[Código Producto]],Inventario!$A$4:$C$12,3,0),"") | L17: =IFERROR(Tabla14[[#This Row],[Cantidad Vendida]]*Tabla14[[#This Row],[Precio del producto]],"") | M17: 45904
I18: =IFERROR(VLOOKUP(Tabla14[[#This Row],[Código Producto]],Inventario!$A$4:$C$12,2,0), "") | J18: =IFERROR(VLOOKUP(Tabla14[[#This Row],[Código Producto]],Inventario!$A$4:$C$12,3,0),"") | L18: =IFERROR(Tabla14[[#This Row],[Cantidad Vendida]]*Tabla14[[#This Row],[Precio del producto]],"") | M18: 45904
I19: =IFERROR(VLOOKUP(Tabla14[[#This Row],[Código Producto]],Inventario!$A$4:$C$12,2,0), "") | J19: =IFERROR(VLOOKUP(Tabla14[[#This Row],[Código Producto]],Inventario!$A$4:$C$12,3,0),"") | L19: =IFERROR(Tabla14[[#This Row],[Cantidad Vendida]]*Tabla14[[#This Row],[Precio del producto]],"") | M19: 45904
I20: =IFERROR(VLOOKUP(Tabla14[[#This Row],[Código Producto]],Inventario!$A$4:$C$12,2,0), "") | J20: =IFERROR(VLOOKUP(Tabla14[[#This Row],[Código Producto]],Inventario!$A$4:$C$12,3,0),"") | L20: =IFERROR(Tabla14[[#This Row],[Cantidad Vendida]]*Tabla14[[#This Row],[Precio del producto]],"") | M20: 45904
I21: =IFERROR(VLOOKUP(Tabla14[[#This Row],[Código Producto]],Inventario!$A$4:$C$12,2,0), "") | J21: =IFERROR(VLOOKUP(Tabla14[[#This Row],[Código Producto]],Inventario!$A$4:$C$12,3,0),"") | L21: =IFERROR(Tabla14[[#This Row],[Cantidad Vendida]]*Tabla14[[#This Row],[Precio del producto]],"") | M21: 45904
I22: =IFERROR(VLOOKUP(Tabla14[[#This Row],[Código Producto]],Inventario!$A$4:$C$12,2,0), "") | J22: =IFERROR(VLOOKUP(Tabla14[[#This Row],[Código Producto]],Inventario!$A$4:$C$12,3,0),"") | L22: =IFERROR(Tabla14[[#This Row],[Cantidad Vendida]]*Tabla14[[#This Row],[Precio del producto]],"") | M22: 45904
H23: Código Producto | I23: Nombre del producto | J23: Precio del producto | K23: Cantidad Vendida | L23: Total Venta | M23: Fecha Venta
H24: 108 | I24: =IFERROR(VLOOKUP(Tabla135[[#This Row],[Código Producto]],Inventario!$A$4:$C$12,2,0), "") -> Hojas de colores | J24: =IFERROR(VLOOKUP(Tabla135[[#This Row],[Código Producto]],Inventario!$A$4:$C$12,3,0),"") -> 100 | K24: 20 | L24: =IFERROR(Tabla135[[#This Row],[Cantidad Vendida]]*Tabla135[[#This Row],[Precio del producto]],"") -> 2000 | M24: 45905
H25: 105 | I25: =IFERROR(VLOOKUP(Tabla135[[#This Row],[Código Producto]],Inventario!$A$4:$C$12,2,0), "") -> Cuaderno | J25: =IFERROR(VLOOKUP(Tabla135[[#This Row],[Código Producto]],Inventario!$A$4:$C$12,3,0),"") -> 35 | K25: 5 | L25: =IFERROR(Tabla135[[#This Row],[Cantidad Vendida]]*Tabla135[[#This Row],[Precio del producto]],"") -> 175 | M25: 45905
I26: =IFERROR(VLOOKUP(Tabla135[[#This Row],[Código Producto]],Inventario!$A$4:$C$12,2,0), "") | J26: =IFERROR(VLOOKUP(Tabla135[[#This Row],[Código Producto]],Inventario!$A$4:$C$12,3,0),"") | L26: =IFERROR(Tabla135[[#This Row],[Cantidad Vendida]]*Tabla135[[#This Row],[Precio del producto]],"") | M26: 45905
I27: =IFERROR(VLOOKUP(Tabla135[[#This Row],[Código Producto]],Inventario!$A$4:$C$12,2,0), "") | J27: =IFERROR(VLOOKUP(Tabla135[[#This Row],[Código Producto]],Inventario!$A$4:$C$12,3,0),"") | L27: =IFERROR(Tabla135[[#This Row],[Cantidad Vendida]]*Tabla135[[#This Row],[Precio del producto]],"") | M27: 45905
H28: 107 | I28: =IFERROR(VLOOKUP(Tabla135[[#This Row],[Código Producto]],Inventario!$A$4:$C$12,2,0), "") -> Estuchera | J28: =IFERROR(VLOOKUP(Tabla135[[#This Row],[Código Producto]],Inventario!$A$4:$C$12,3,0),"") -> 50 | K28: 500 | L28: =IFERROR(Tabla135[[#This Row],[Cantidad Vendida]]*Tabla135[[#This Row],[Precio del producto]],"") -> 25000 | M28: 45905
I29: =IFERROR(VLOOKUP(Tabla135[[#This Row],[Código Producto]],Inventario!$A$4:$C$12,2,0), "") | J29: =IFERROR(VLOOKUP(Tabla135[[#This Row],[Código Producto]],Inventario!$A$4:$C$12,3,0),"") | L29: =IFERROR(Tabla135[[#This Row],[Cantidad Vendida]]*Tabla135[[#This Row],[Precio del producto]],"") | M29: 45905
I30: =IFERROR(VLOOKUP(Tabla135[[#This Row],[Código Producto]],Inventario!$A$4:$C$12,2,0), "") | J30: =IFERROR(VLOOKUP(Tabla135[[#This Row],[Código Producto]],Inventario!$A$4:$C$12,3,0),"") | L30: =IFERROR(Tabla135[[#This Row],[Cantidad Vendida]]*Tabla135[[#This Row],[Precio del producto]],"") | M30: 45905
I31: =IFERROR(VLOOKUP(Tabla135[[#This Row],[Código Producto]],Inventario!$A$4:$C$12,2,0), "") | J31: =IFERROR(VLOOKUP(Tabla135[[#This Row],[Código Producto]],Inventario!$A$4:$C$12,3,0),"") | L31: =IFERROR(Tabla135[[#This Row],[Cantidad Vendida]]*Tabla135[[#This Row],[Precio del producto]],"") | M31: 45905
I32: =IFERROR(VLOOKUP(Tabla135[[#This Row],[Código Producto]],Inventario!$A$4:$C$12,2,0), "") | J32: =IFERROR(VLOOKUP(Tabla135[[#This Row],[Código Producto]],Inventario!$A$4:$C$12,3,0),"") | L32: =IFERROR(Tabla135[[#This Row],[Cantidad Vendida]]*Tabla135[[#This Row],[Precio del producto]],"") | M32: 45905
I33: =IFERROR(VLOOKUP(Tabla135[[#This Row],[Código Producto]],Inventario!$A$4:$C$12,2,0), "") | J33: =IFERROR(VLOOKUP(Tabla135[[#This Row],[Código Producto]],Inventario!$A$4:$C$12,3,0),"") | L33: =IFERROR(Tabla135[[#This Row],[Cantidad Vendida]]*Tabla135[[#This Row],[Precio del producto]],"") | M33: 45905
I34: =IFERROR(VLOOKUP(Tabla135[[#This Row],[Código Producto]],Inventario!$A$4:$C$12,2,0), "") | J34: =IFERROR(VLOOKUP(Tabla135[[#This Row],[Código Producto]],Inventario!$A$4:$C$12,3,0),"") | L34: =IFERROR(Tabla135[[#This Row],[Cantidad Vendida]]*Tabla135[[#This Row],[Precio del producto]],"") | M34: 45905
I35: =IFERROR(VLOOKUP(Tabla135[[#This Row],[Código Producto]],Inventario!$A$4:$C$12,2,0), "") | J35: =IFERROR(VLOOKUP(Tabla135[[#This Row],[Código Producto]],Inventario!$A$4:$C$12,3,0),"") | L35: =IFERROR(Tabla135[[#This Row],[Cantidad Vendida]]*Tabla135[[#This Row],[Precio del producto]],"") | M35: 45905
I36: =IFERROR(VLOOKUP(Tabla135[[#This Row],[Código Producto]],Inventario!$A$4:$C$12,2,0), "") | J36: =IFERROR(VLOOKUP(Tabla135[[#This Row],[Código Producto]],Inventario!$A$4:$C$12,3,0),"") | L36: =IFERROR(Tabla135[[#This Row],[Cantidad Vendida]]*Tabla135[[#This Row],[Precio del producto]],"") | M36: 45905
